<?xml version="1.0" encoding="UTF-8"?>
<jcr:root xmlns:sling="http://sling.apache.org/jcr/sling/1.0" xmlns:granite="http://www.adobe.com/jcr/granite/1.0" xmlns:jcr="http://www.jcp.org/jcr/1.0" xmlns:nt="http://www.jcp.org/jcr/nt/1.0"
    jcr:primaryType="nt:unstructured"
    jcr:title="Not Working"
    sling:resourceType="granite/ui/components/coral/foundation/fixedcolumns"
    margin="{Boolean}true">
    <items jcr:primaryType="nt:unstructured">
        <column
            jcr:primaryType="nt:unstructured"
            sling:resourceType="granite/ui/components/coral/foundation/container">
            <items jcr:primaryType="nt:unstructured">
                <decide
                    granite:class="cq-dialog-dropdown-showhide"
                    jcr:primaryType="nt:unstructured"
                    sling:resourceType="granite/ui/components/coral/foundation/form/select"
                    fieldLabel="Link type"
                    name="./linkType">
                    <granite:data
                        jcr:primaryType="nt:unstructured"
                        cq-dialog-dropdown-showhide-target=".option-linktype-showhide-target"/>
                    <items jcr:primaryType="nt:unstructured">
                        <first
                            jcr:primaryType="nt:unstructured"
                            text="First"
                            value="first"/>
                        <second
                            jcr:primaryType="nt:unstructured"
                            text="Second"
                            value="second"/>
                    </items>
                </decide>
                <firstWell
                    granite:class="hide option-linktype-showhide-target foundation-layout-util-vmargin"
                    jcr:primaryType="nt:unstructured"
                    sling:resourceType="granite/ui/components/coral/foundation/well">
                    <granite:data
                        jcr:primaryType="nt:unstructured"
                        showhidetargetvalue="first"/>
                    <items jcr:primaryType="nt:unstructured">
                        <pathfield
                            jcr:primaryType="nt:unstructured"
                            sling:resourceType="granite/ui/components/coral/foundation/form/pathfield"
                            fieldDescription="A Path"
                            fieldLabel="First Pathfield"
                            name="./firstPathfield"
                            rootPath="/"/>
                    </items>
                </firstWell>
                <secondWell
                    granite:class="hide option-linktype-showhide-target foundation-layout-util-vmargin"
                    jcr:primaryType="nt:unstructured"
                    sling:resourceType="granite/ui/components/coral/foundation/well">
                    <granite:data
                        jcr:primaryType="nt:unstructured"
                        showhidetargetvalue="second"/>
                    <items jcr:primaryType="nt:unstructured">
                        <pathfield
                            jcr:primaryType="nt:unstructured"
                            sling:resourceType="granite/ui/components/coral/foundation/form/pathfield"
                            fieldDescription="A Path"
                            fieldLabel="Second Pathfield"
                            name="./secondPathfield"
                            rootPath="/"/>
                    </items>
                </secondWell>
            </items>
        </column>
    </items>
</jcr:root>
